"","group","indval","pval","freq"
"ASV_6552",1,1,0.001,19
"ASV_6553",1,1,0.001,19
"ASV_6554",1,1,0.001,19
"ASV_6555",1,1,0.001,19
"ASV_6556",1,1,0.001,19
"ASV_6558",1,1,0.001,19
"ASV_6559",1,1,0.001,19
"ASV_6561",1,1,0.001,19
"ASV_6562",1,1,0.001,19
"ASV_1826",1,0.994227699785976,0.001,35
"ASV_6106",1,0.991778334243699,0.001,33
"ASV_4132",1,0.991482221539092,0.001,28
"ASV_4400",1,0.991053047251146,0.001,46
"ASV_1064",1,0.988495334722348,0.001,71
"ASV_1833",1,0.987664512807023,0.001,53
"ASV_802",1,0.985926577473265,0.001,33
"ASV_4134",1,0.985447970374815,0.001,50
"ASV_6101",1,0.985228035824244,0.001,93
"ASV_5520",1,0.985154895773145,0.001,71
"ASV_4407",1,0.98401385168526,0.001,133
"ASV_1869",1,0.983238717582193,0.001,53
"ASV_4387",1,0.981771048897519,0.001,253
"ASV_4403",1,0.980973590289723,0.001,345
"ASV_2765",1,0.980451297374244,0.001,155
"ASV_4281",1,0.980017886011701,0.001,119
"ASV_5510",1,0.979868445589706,0.001,36
"ASV_6117",1,0.979800591902997,0.001,27
"ASV_4200",1,0.97973402058042,0.001,66
"ASV_5320",1,0.979646491697911,0.001,58
"ASV_4401",1,0.979511303864646,0.001,42
"ASV_5233",1,0.979234082677925,0.001,41
"ASV_6071",1,0.97884181633411,0.001,119
"ASV_6089",1,0.978585970455545,0.001,41
"ASV_699",1,0.97818425781718,0.001,93
"ASV_4273",1,0.978038510032744,0.001,83
"ASV_1433",1,0.977825185021004,0.001,50
"ASV_1857",1,0.977615601125854,0.001,46
"ASV_1871",1,0.977255781160442,0.001,38
"ASV_805",1,0.977188677591797,0.001,39
"ASV_5350",1,0.977058872512282,0.001,46
"ASV_2683",1,0.976755575254667,0.001,110
"ASV_6079",1,0.976742828399745,0.001,186
"ASV_2772",1,0.976734957653541,0.001,91
"ASV_1790",1,0.976624760918075,0.001,41
"ASV_2167",1,0.976458214473919,0.001,60
"ASV_6055",1,0.976371566050697,0.001,146
"ASV_1431",1,0.975422454789985,0.001,151
"ASV_4391",1,0.975377728205608,0.001,135
"ASV_4268",1,0.975114157746442,0.001,151
"ASV_4408",1,0.974430040882836,0.001,125
"ASV_2972",1,0.974149401525881,0.001,97
"ASV_4291",1,0.973773797843954,0.001,126
"ASV_1646",1,0.973634865324251,0.001,72
"ASV_4308",1,0.97360672051534,0.001,100
"ASV_4169",1,0.973099643606893,0.001,62
"ASV_6105",1,0.972959228528818,0.001,158
"ASV_6475",1,0.972895863052782,0.001,51
"ASV_4271",1,0.972815454442967,0.001,186
"ASV_5318",1,0.972668291107653,0.001,154
"ASV_5310",1,0.97254700707548,0.001,127
"ASV_5322",1,0.972454732571667,0.001,49
"ASV_6021",1,0.972332136349428,0.001,76
"ASV_5972",1,0.972300306879415,0.001,52
"ASV_4389",1,0.972134673436871,0.001,160
"ASV_5335",1,0.97197181400537,0.001,91
"ASV_1848",1,0.97192913643198,0.001,37
"ASV_5516",1,0.971915357087288,0.001,60
"ASV_5378",1,0.971658236834151,0.001,107
"ASV_1430",1,0.971406565757359,0.001,65
"ASV_1827",1,0.971252210403129,0.001,103
"ASV_6393",1,0.971246439712464,0.001,45
"ASV_1425",1,0.971244622748195,0.001,128
"ASV_6051",1,0.97121636122625,0.001,80
"ASV_5819",1,0.970837429341172,0.001,163
"ASV_5346",1,0.970834426659669,0.001,44
"ASV_4290",1,0.970085887705354,0.001,88
"ASV_1440",1,0.970016274575734,0.001,130
"ASV_2035",1,0.969990415947863,0.001,143
"ASV_5337",1,0.969868460311077,0.001,59
"ASV_5316",1,0.969821456786222,0.001,69
"ASV_3158",1,0.969755570406814,0.001,122
"ASV_4789",1,0.969631889001664,0.001,133
"ASV_3035",1,0.969083823723113,0.001,87
"ASV_5824",1,0.96907564190835,0.001,243
"ASV_6097",1,0.968791232177059,0.001,146
"ASV_6060",1,0.968658323679616,0.001,83
"ASV_4149",1,0.968520710059172,0.001,26
"ASV_2737",1,0.968478818060129,0.001,142
"ASV_1872",1,0.968388271782119,0.001,68
"ASV_4175",1,0.968311930798742,0.001,51
"ASV_4199",1,0.968273745952635,0.001,118
"ASV_5366",1,0.967999136614417,0.001,90
"ASV_2720",1,0.967690224749526,0.001,62
"ASV_6061",1,0.967506683835312,0.001,117
"ASV_5319",1,0.967488471870105,0.001,53
"ASV_5332",1,0.967454792412147,0.001,46
"ASV_4804",1,0.967074609311114,0.001,61
"ASV_4166",1,0.966977296851158,0.001,118
"ASV_3128",1,0.96685470196948,0.001,76
"ASV_6296",1,0.96673217994706,0.001,194
"ASV_2721",1,0.9664911366169,0.001,113
"ASV_1491",1,0.966188971609235,0.001,176
"ASV_6078",1,0.966132542779946,0.001,49
"ASV_3156",1,0.966052072020615,0.001,212
"ASV_4287",1,0.965573397692178,0.001,56
"ASV_6114",1,0.96555027393576,0.001,51
"ASV_5386",1,0.965455508413482,0.001,153
"ASV_1063",1,0.965398776909191,0.001,54
"ASV_4302",1,0.96529535158778,0.001,160
"ASV_5786",1,0.965201465201465,0.001,209
"ASV_4285",1,0.965173921105648,0.001,204
"ASV_5857",1,0.965127944142035,0.001,203
"ASV_1058",1,0.965033821087673,0.001,41
"ASV_6290",1,0.964689622514758,0.001,108
"ASV_3243",1,0.964605521795547,0.001,110
"ASV_1428",1,0.964522976532096,0.001,65
"ASV_5334",1,0.964416125446679,0.001,225
"ASV_1651",1,0.964270215535947,0.001,63
"ASV_5333",1,0.964095490949347,0.001,321
"ASV_5298",1,0.96409483002299,0.001,178
"ASV_4297",1,0.964086414147757,0.001,210
"ASV_5220",1,0.963757012623617,0.001,162
"ASV_5242",1,0.963750765328435,0.001,63
"ASV_3275",1,0.96341755583344,0.001,105
"ASV_1438",1,0.963346294430213,0.001,220
"ASV_4168",1,0.96318999969951,0.001,75
"ASV_4912",1,0.963125686489879,0.001,74
"ASV_6085",1,0.96309137562813,0.001,256
"ASV_1484",1,0.963001245904665,0.001,42
"ASV_1830",1,0.962335052783109,0.001,73
"ASV_5852",1,0.961870448258147,0.001,284
"ASV_5376",1,0.961776143021466,0.001,112
"ASV_6301",1,0.9615845015901,0.001,60
"ASV_5371",1,0.961341329579852,0.001,311
"ASV_835",1,0.961317610766575,0.001,88
"ASV_3819",1,0.960966885795797,0.001,191
"ASV_1483",1,0.960846722374981,0.001,135
"ASV_5362",1,0.96078192156714,0.001,143
"ASV_5361",1,0.960722572091482,0.001,35
"ASV_2771",1,0.960643670714968,0.001,96
"ASV_4190",1,0.960402558411131,0.001,120
"ASV_6287",1,0.960309807242118,0.001,120
"ASV_1054",1,0.96022973962016,0.001,157
"ASV_5338",1,0.960222587305747,0.001,66
"ASV_4278",1,0.959900758808461,0.001,81
"ASV_5379",1,0.959829148409751,0.001,319
"ASV_5340",1,0.959690160531355,0.001,150
"ASV_1846",1,0.95958432119829,0.001,55
"ASV_5382",1,0.959178481066335,0.001,246
"ASV_5336",1,0.958833528755042,0.001,102
"ASV_5367",1,0.958778432860506,0.001,74
"ASV_5820",1,0.958614570516149,0.001,89
"ASV_5357",1,0.958430423089752,0.001,81
"ASV_5390",1,0.958330139751156,0.001,263
"ASV_800",1,0.957678092436248,0.001,74
"ASV_3241",1,0.957125930932948,0.001,197
"ASV_801",1,0.956832016232379,0.001,78
"ASV_3129",1,0.956369018021529,0.001,270
"ASV_5226",1,0.955777471987419,0.001,140
"ASV_6293",1,0.955537834235848,0.001,290
"ASV_2364",1,0.955439371231795,0.001,154
"ASV_5106",1,0.955239635879663,0.001,190
"ASV_6096",1,0.955010613077438,0.001,152
"ASV_5296",1,0.954860624715426,0.001,272
"ASV_4766",1,0.954804788989537,0.001,106
"ASV_254",1,0.954713484370974,0.001,115
"ASV_4133",1,0.954534005037783,0.001,56
"ASV_5348",1,0.954088770189495,0.001,69
"ASV_3167",1,0.95357694092695,0.001,103
"ASV_6316",1,0.953318950915542,0.001,96
"ASV_2387",1,0.953111469975676,0.001,110
"ASV_6288",1,0.952450715916165,0.001,57
"ASV_5347",1,0.950961094933433,0.001,94
"ASV_4194",1,0.950131780181341,0.001,201
"ASV_4152",1,0.949876644185516,0.001,57
"ASV_6297",1,0.949682938128797,0.001,263
"ASV_1715",1,0.949459495800025,0.001,75
"ASV_5394",1,0.94927603411387,0.001,311
"ASV_6317",1,0.948491184245175,0.001,110
"ASV_4304",1,0.948421557303005,0.001,158
"ASV_5813",1,0.948365399306778,0.001,87
"ASV_5239",1,0.948098908469572,0.001,56
"ASV_2983",1,0.947815354279356,0.001,206
"ASV_2662",1,0.947572560393997,0.001,140
"ASV_4260",1,0.947570701692107,0.001,228
"ASV_5375",1,0.947443969394167,0.001,45
"ASV_6560",1,0.947368421052632,0.001,18
"ASV_6605",1,0.947368421052632,0.001,18
"ASV_6304",1,0.947027662684299,0.001,302
"ASV_2678",1,0.945989451332283,0.001,48
"ASV_3142",1,0.945612308793273,0.001,125
"ASV_441",1,0.945042087815659,0.001,96
"ASV_5370",1,0.944694167408032,0.001,82
"ASV_2319",1,0.944640804259355,0.001,123
"ASV_2523",1,0.944540152802202,0.001,105
"ASV_2691",1,0.943678117448216,0.001,115
"ASV_4819",1,0.942145229608667,0.001,297
"ASV_1865",1,0.941662943047933,0.001,28
"ASV_5237",1,0.941644455463956,0.001,308
"ASV_6018",1,0.941490863862234,0.001,137
"ASV_3148",1,0.941386777805018,0.001,154
"ASV_2521",1,0.940942661083973,0.001,84
"ASV_4295",1,0.940015759603455,0.001,244
"ASV_5391",1,0.939853876575934,0.001,48
"ASV_2776",1,0.938360960665244,0.001,66
"ASV_4803",1,0.938213665422564,0.001,82
"ASV_4998",1,0.938195101406763,0.001,80
"ASV_6065",1,0.937169658502488,0.001,34
"ASV_4824",1,0.936890018863282,0.001,69
"ASV_5369",1,0.936588171996522,0.001,123
"ASV_2206",1,0.936397160090616,0.001,142
"ASV_4284",1,0.936275407881848,0.001,74
"ASV_1645",1,0.934237100527077,0.001,105
"ASV_2768",1,0.934162296545603,0.001,130
"ASV_5374",1,0.933027968209671,0.001,63
"ASV_1066",1,0.932936811624603,0.001,37
"ASV_6312",1,0.932187720615426,0.001,308
"ASV_2075",1,0.932007357107578,0.001,85
"ASV_6112",1,0.930624305960739,0.001,34
"ASV_6397",1,0.929357164016984,0.001,29
"ASV_6095",1,0.928224281037171,0.001,91
"ASV_5232",1,0.927358570915433,0.001,27
"ASV_4825",1,0.927320255217026,0.001,338
"ASV_1434",1,0.927235384408374,0.001,57
"ASV_2323",1,0.927113594040968,0.001,137
"ASV_759",1,0.926858171819299,0.001,74
"ASV_6016",1,0.926260399334443,0.001,103
"ASV_6045",1,0.924311687788231,0.001,81
"ASV_5228",1,0.922735459202142,0.001,47
"ASV_4409",1,0.922646840526479,0.001,33
"ASV_4390",1,0.922486392896784,0.001,222
"ASV_334",1,0.922350967955305,0.001,58
"ASV_5343",1,0.920251819666672,0.001,30
"ASV_6083",1,0.920163863707982,0.001,86
"ASV_5522",1,0.919664256170033,0.001,42
"ASV_5354",1,0.919379491239431,0.001,43
"ASV_3215",1,0.917275211877193,0.001,65
"ASV_6082",1,0.916948319240932,0.001,50
"ASV_2622",1,0.916913881380886,0.001,149
"ASV_4145",1,0.916520758389536,0.001,50
"ASV_5784",1,0.91606155753655,0.001,64
"ASV_1822",1,0.914256914688909,0.001,123
"ASV_6307",1,0.912513888530012,0.001,249
"ASV_5883",1,0.911829946402761,0.001,101
"ASV_3136",1,0.910473724665237,0.001,37
"ASV_1474",1,0.907474283212957,0.001,71
"ASV_2775",1,0.905341925084252,0.001,93
"ASV_6289",1,0.904119138348548,0.001,52
"ASV_5973",1,0.902906397394036,0.001,83
"ASV_5349",1,0.901953659299215,0.001,45
"ASV_3171",1,0.90145827764163,0.001,201
"ASV_408",1,0.901411579696217,0.001,43
"ASV_5309",1,0.900153378343868,0.001,36
"ASV_4996",1,0.900007331438021,0.001,28
"ASV_6118",1,0.899975749363902,0.001,40
"ASV_5359",1,0.896543114890668,0.001,35
"ASV_6570",1,0.894736842105263,0.001,17
"ASV_6575",1,0.894736842105263,0.001,17
"ASV_6587",1,0.894736842105263,0.001,17
"ASV_6592",1,0.894736842105263,0.001,17
"ASV_6612",1,0.894736842105263,0.001,17
"ASV_3793",1,0.891501950063733,0.001,53
"ASV_2739",1,0.891229306295391,0.001,49
"ASV_2524",1,0.887776089724463,0.001,41
"ASV_277",1,0.887594095348972,0.001,58
"ASV_6013",1,0.887102609696683,0.001,143
"ASV_6299",1,0.883961347641331,0.001,59
"ASV_584",1,0.881077862746694,0.001,45
"ASV_1065",1,0.879402207395148,0.001,29
"ASV_2738",1,0.879279706004637,0.001,68
"ASV_4275",1,0.877195274210036,0.001,78
"ASV_6107",1,0.876610245413596,0.001,49
"ASV_319",1,0.875988675191326,0.001,71
"ASV_6291",1,0.875947175443545,0.001,47
"ASV_1832",1,0.875870034369132,0.001,36
"ASV_434",1,0.875499077889121,0.001,24
"ASV_2716",1,0.874971579104173,0.001,40
"ASV_3162",1,0.874263420178353,0.001,25
"ASV_5356",1,0.873698288998317,0.001,57
"ASV_2733",1,0.872903092551214,0.001,84
"ASV_5517",1,0.871543493139158,0.001,29
"ASV_6070",1,0.87048577220512,0.001,24
"ASV_2380",1,0.870308411615837,0.001,37
"ASV_6108",1,0.868681744916059,0.001,35
"ASV_3169",1,0.868472732992293,0.001,107
"ASV_4155",1,0.867152873258922,0.001,43
"ASV_5365",1,0.866657973518497,0.001,33
"ASV_305",1,0.862947028870416,0.001,27
"ASV_4177",1,0.861334249395565,0.001,36
"ASV_134",1,0.861321158588693,0.001,54
"ASV_5302",1,0.860992970288929,0.001,29
"ASV_410",1,0.859070023639333,0.001,52
"ASV_87",1,0.854837622526262,0.001,48
"ASV_1300",1,0.854631644147678,0.001,61
"ASV_320",1,0.849967869158172,0.001,32
"ASV_6208",1,0.848872243842048,0.001,25
"ASV_4147",1,0.847582397936748,0.001,43
"ASV_4320",1,0.846763942628937,0.001,55
"ASV_4150",1,0.846532683315093,0.001,37
"ASV_4181",1,0.845946039561185,0.001,87
"ASV_6564",1,0.842105263157895,0.001,16
"ASV_6566",1,0.842105263157895,0.001,16
"ASV_6621",1,0.842105263157895,0.001,16
"ASV_6624",1,0.842105263157895,0.001,16
"ASV_4202",1,0.842009560369554,0.001,47
"ASV_3242",1,0.84023851872064,0.001,59
"ASV_2226",1,0.839403017949026,0.001,40
"ASV_462",1,0.83617359379709,0.001,30
"ASV_3213",1,0.835769530109933,0.001,143
"ASV_470",1,0.834846976523979,0.001,42
"ASV_5305",1,0.832518572340359,0.001,64
"ASV_2769",1,0.830794300345066,0.001,54
"ASV_351",1,0.829693363844394,0.001,36
"ASV_2572",1,0.829644203967864,0.001,21
"ASV_279",1,0.82919519123938,0.001,44
"ASV_2286",1,0.82823038897726,0.001,266
"ASV_4267",1,0.827253974140717,0.001,34
"ASV_5325",1,0.823472717340756,0.001,25
"ASV_2698",1,0.822665188467081,0.001,23
"ASV_1205",1,0.822364250751846,0.001,24
"ASV_6319",1,0.821128060042961,0.001,23
"ASV_3276",1,0.81938658362674,0.001,51
"ASV_78",1,0.819056486183623,0.001,22
"ASV_5225",1,0.818581355809617,0.001,57
"ASV_2687",1,0.818338342968402,0.001,64
"ASV_3075",1,0.818037712391214,0.001,53
"ASV_4292",1,0.817102607647097,0.001,66
"ASV_327",1,0.816047744824666,0.001,44
"ASV_2229",1,0.81582334551408,0.001,77
"ASV_324",1,0.815562044224025,0.001,43
"ASV_2366",1,0.814194731916375,0.001,39
"ASV_474",1,0.811594826272956,0.001,23
"ASV_1280",1,0.809445854137677,0.001,37
"ASV_4143",1,0.805291771676113,0.001,35
"ASV_1816",1,0.803463611462905,0.001,49
"ASV_2235",1,0.803319523818881,0.001,78
"ASV_5971",1,0.803101397834769,0.001,39
"ASV_2589",1,0.80177486411962,0.001,27
"ASV_388",1,0.8012513317567,0.001,26
"ASV_5564",1,0.800220446403968,0.001,21
"ASV_4146",1,0.797905654104729,0.001,40
"ASV_2750",1,0.797283367960738,0.001,83
"ASV_3238",1,0.79615878149288,0.001,89
"ASV_2667",1,0.794904762056684,0.001,36
"ASV_3481",1,0.794379685230975,0.001,49
"ASV_6567",1,0.789473684210526,0.001,15
"ASV_6571",1,0.789473684210526,0.001,15
"ASV_6574",1,0.789473684210526,0.001,15
"ASV_6594",1,0.789473684210526,0.001,15
"ASV_6602",1,0.789473684210526,0.001,15
"ASV_6649",1,0.789473684210526,0.001,15
"ASV_946",1,0.786552237814656,0.001,62
"ASV_3124",1,0.782385713068915,0.001,30
"ASV_1649",1,0.781646340690496,0.001,22
"ASV_303",1,0.779879564639666,0.001,35
"ASV_3005",1,0.779203312428241,0.001,38
"ASV_1831",1,0.778939384530769,0.001,25
"ASV_2770",1,0.77765645731977,0.001,30
"ASV_5326",1,0.77761026823446,0.001,25
"ASV_4184",1,0.776460030477825,0.001,34
"ASV_3149",1,0.776091058204738,0.001,28
"ASV_4203",1,0.775999371892089,0.001,47
"ASV_803",1,0.775486971587518,0.001,25
"ASV_4142",1,0.775267123096967,0.001,41
"ASV_697",1,0.772384936447626,0.001,51
"ASV_4399",1,0.771273382511832,0.001,41
"ASV_3152",1,0.770060214826599,0.001,27
"ASV_4396",1,0.76956960237684,0.001,51
"ASV_4397",1,0.767987603891213,0.001,49
"ASV_2348",1,0.766386431895107,0.001,93
"ASV_77",1,0.765717260279565,0.001,20
"ASV_2073",1,0.765200436796783,0.001,44
"ASV_2688",1,0.764962611253064,0.001,64
"ASV_6110",1,0.764503061413817,0.001,19
"ASV_460",1,0.761577306810521,0.001,34
"ASV_5785",1,0.76138087388902,0.001,52
"ASV_4182",1,0.76107169081136,0.001,35
"ASV_5867",1,0.760659681698684,0.001,98
"ASV_6305",1,0.759793870805944,0.001,59
"ASV_4188",1,0.759095593824024,0.001,27
"ASV_432",1,0.758053059918778,0.001,19
"ASV_2666",1,0.756712018208589,0.001,31
"ASV_2781",1,0.755281153963288,0.001,24
"ASV_6292",1,0.754883411786546,0.001,39
"ASV_6303",1,0.752903342835357,0.001,96
"ASV_4151",1,0.75258935794552,0.001,35
"ASV_3159",1,0.751783222338626,0.001,59
"ASV_296",1,0.751584824864608,0.001,36
"ASV_2277",1,0.751179771546854,0.001,86
"ASV_6300",1,0.750773294402252,0.001,60
"ASV_402",1,0.750447480902591,0.001,29
"ASV_2630",1,0.749894547264153,0.001,95
"ASV_3154",1,0.746563569313903,0.001,62
"ASV_3480",1,0.743357919307649,0.001,49
"ASV_3244",1,0.742045462629692,0.001,86
"ASV_1834",1,0.741908151863101,0.001,43
"ASV_6572",1,0.736842105263158,0.001,14
"ASV_6580",1,0.736842105263158,0.001,14
"ASV_6640",1,0.736842105263158,0.001,14
"ASV_412",1,0.733678744424867,0.001,27
"ASV_2741",1,0.731060564895617,0.001,17
"ASV_6090",1,0.730573621804989,0.001,21
"ASV_274",1,0.730177952622895,0.001,54
"ASV_210",1,0.729069577202237,0.001,24
"ASV_2734",1,0.727687766722992,0.001,37
"ASV_3138",1,0.727035759448505,0.001,45
"ASV_2680",1,0.726252948343738,0.001,26
"ASV_4810",1,0.725894389295567,0.001,25
"ASV_286",1,0.7258704870263,0.001,26
"ASV_406",1,0.725402950671154,0.001,23
"ASV_3822",1,0.724611044528031,0.001,83
"ASV_1641",1,0.723007468857733,0.001,40
"ASV_2823",1,0.722994878050818,0.001,35
"ASV_4726",1,0.722868408691998,0.001,18
"ASV_5791",1,0.722447169838984,0.001,55
"ASV_318",1,0.72216078316738,0.001,20
"ASV_2658",1,0.721145382015862,0.001,47
"ASV_1039",1,0.720843511732919,0.001,32
"ASV_3172",1,0.719618823606997,0.001,56
"ASV_2275",1,0.715698920403666,0.001,30
"ASV_6313",1,0.714945670500212,0.001,33
"ASV_4298",1,0.714276970368809,0.001,37
"ASV_250",1,0.713473996004119,0.001,36
"ASV_1160",1,0.711910104685738,0.001,46
"ASV_3133",1,0.711555868582197,0.001,91
"ASV_2694",1,0.710574260259759,0.001,28
"ASV_4323",1,0.710169297290626,0.001,31
"ASV_4201",1,0.709334087737524,0.001,32
"ASV_4714",1,0.70821628010928,0.001,54
"ASV_5241",1,0.706784826557608,0.001,66
"ASV_4826",1,0.70625609543194,0.001,71
"ASV_5004",1,0.705721181248078,0.001,26
"ASV_1837",1,0.705359698372891,0.001,37
"ASV_2522",1,0.703594633183648,0.001,39
"ASV_3482",1,0.701427212342862,0.001,69
"ASV_5344",1,0.700936593452134,0.001,24
"ASV_2330",1,0.699319073940559,0.001,52
"ASV_5313",1,0.699027773631469,0.001,24
"ASV_1470",1,0.696528362918686,0.001,29
"ASV_342",1,0.693516578331074,0.001,30
"ASV_275",1,0.693448762871854,0.001,22
"ASV_754",1,0.692108742548305,0.001,26
"ASV_5287",1,0.690465650415784,0.001,31
"ASV_3074",1,0.69039404088037,0.001,48
"ASV_1815",1,0.685751199007797,0.001,33
"ASV_452",1,0.685246321375784,0.001,27
"ASV_6557",1,0.68421052631579,0.001,13
"ASV_6582",1,0.68421052631579,0.001,13
"ASV_6585",1,0.68421052631579,0.001,13
"ASV_6607",1,0.68421052631579,0.001,13
"ASV_6610",1,0.68421052631579,0.001,13
"ASV_6626",1,0.68421052631579,0.001,13
"ASV_6628",1,0.68421052631579,0.001,13
"ASV_6642",1,0.68421052631579,0.001,13
"ASV_6648",1,0.68421052631579,0.001,13
"ASV_6715",1,0.68421052631579,0.001,13
"ASV_4405",1,0.682953925484079,0.001,15
"ASV_6024",1,0.682638807580902,0.001,19
"ASV_2231",1,0.681230503749917,0.001,36
"ASV_3153",1,0.680999609737717,0.001,19
"ASV_3141",1,0.677975690227091,0.001,17
"ASV_6063",1,0.677321601587084,0.001,15
"ASV_863",1,0.675396043817096,0.001,29
"ASV_3821",1,0.67378988262074,0.001,33
"ASV_401",1,0.673611499524582,0.001,37
"ASV_1789",1,0.671138880459387,0.001,32
"ASV_442",1,0.670529085311944,0.001,18
"ASV_2685",1,0.670093215463464,0.001,19
"ASV_6053",1,0.669780456653384,0.001,29
"ASV_314",1,0.669399311204547,0.001,34
"ASV_4270",1,0.669344739692991,0.001,26
"ASV_6214",1,0.669013226097425,0.001,22
"ASV_3170",1,0.668032445790306,0.001,36
"ASV_291",1,0.667838004411118,0.001,40
"ASV_76",1,0.665225825342215,0.001,20
"ASV_1210",1,0.66521795386458,0.002,246
"ASV_6521",1,0.66508408953418,0.001,17
"ASV_6170",1,0.662299766092247,0.001,16
"ASV_417",1,0.660293976580922,0.001,30
"ASV_419",1,0.659107719235511,0.001,25
"ASV_4137",1,0.657610529025927,0.001,24
"ASV_1439",1,0.656143952976234,0.001,29
"ASV_633",1,0.653125375341139,0.001,31
"ASV_4727",1,0.652527278882812,0.001,22
"ASV_6236",1,0.650587572183642,0.001,18
"ASV_2679",1,0.650422352176738,0.001,37
"ASV_6471",1,0.650037048710895,0.001,32
"ASV_4197",1,0.649567176578871,0.001,35
"ASV_2753",1,0.648382226552348,0.001,31
"ASV_2434",1,0.64811043749103,0.001,50
"ASV_357",1,0.647775898664064,0.001,54
"ASV_1035",1,0.64524666670731,0.001,26
"ASV_3795",1,0.645227418995628,0.001,30
"ASV_5392",1,0.643294932610496,0.001,25
"ASV_2248",1,0.641400937625462,0.001,27
"ASV_5393",1,0.639382625924001,0.001,39
"ASV_5364",1,0.63894000736106,0.001,34
"ASV_6187",1,0.638677924088467,0.001,24
"ASV_409",1,0.637879422473579,0.001,23
"ASV_4178",1,0.637707565530664,0.001,38
"ASV_1501",1,0.637192516277407,0.001,33
"ASV_86",1,0.636918414192536,0.001,27
"ASV_1704",1,0.632520665480799,0.001,24
"ASV_3150",1,0.631669624467272,0.001,62
"ASV_6579",1,0.631578947368421,0.001,12
"ASV_6600",1,0.631578947368421,0.001,12
"ASV_6611",1,0.631578947368421,0.001,12
"ASV_6613",1,0.631578947368421,0.001,12
"ASV_6625",1,0.631578947368421,0.001,12
"ASV_6634",1,0.631578947368421,0.001,12
"ASV_6635",1,0.631578947368421,0.001,12
"ASV_6647",1,0.631578947368421,0.001,12
"ASV_6698",1,0.631578947368421,0.001,12
"ASV_6704",1,0.631578947368421,0.001,12
"ASV_1130",1,0.627626825884171,0.001,50
"ASV_3081",1,0.6276000093063,0.001,60
"ASV_4676",1,0.627323736000928,0.001,14
"ASV_5508",1,0.626886967179004,0.001,14
"ASV_1923",1,0.626360926917475,0.001,39
"ASV_352",1,0.625214676607779,0.001,19
"ASV_3525",1,0.624501736968854,0.001,23
"ASV_5457",1,0.624373232374449,0.001,28
"ASV_1281",1,0.624096028366545,0.001,52
"ASV_3251",1,0.623784235157006,0.001,51
"ASV_1729",1,0.623290625247549,0.001,90
"ASV_436",1,0.623229354903971,0.001,35
"ASV_1296",1,0.622806265427781,0.001,57
"ASV_3161",1,0.621395647979419,0.001,22
"ASV_3253",1,0.621146468688764,0.001,65
"ASV_2293",1,0.620700803959206,0.001,25
"ASV_3093",1,0.620013670130921,0.001,62
"ASV_4130",1,0.617280351464775,0.001,16
"ASV_5315",1,0.616946217280354,0.001,17
"ASV_1644",1,0.615608943202333,0.001,23
"ASV_2660",1,0.615419189107894,0.001,18
"ASV_4395",1,0.613232552500197,0.001,30
"ASV_4274",1,0.612090518622989,0.001,42
"ASV_2814",1,0.611147619332099,0.001,20
"ASV_1813",1,0.610229448159143,0.001,19
"ASV_5002",1,0.609992083204912,0.001,14
"ASV_4862",1,0.609782911255381,0.001,28
"ASV_1642",1,0.609485351615025,0.001,34
"ASV_3803",1,0.607041703741383,0.001,30
"ASV_27",1,0.606377590372275,0.001,24
"ASV_5307",1,0.606352775214812,0.001,22
"ASV_5224",1,0.606031434548383,0.001,22
"ASV_3079",1,0.606013163712836,0.001,38
"ASV_5329",1,0.605464146446803,0.001,80
"ASV_3127",1,0.60502856866748,0.001,33
"ASV_3456",1,0.602310630646867,0.001,33
"ASV_404",1,0.599066845641667,0.001,23
"ASV_346",1,0.598650683942314,0.001,19
"ASV_5590",1,0.598323622330046,0.001,25
"ASV_2289",1,0.598245614035088,0.001,29
"ASV_1403",1,0.59726236578665,0.001,63
"ASV_3777",1,0.587305607618662,0.001,18
"ASV_420",1,0.587238699674624,0.001,29
"ASV_1118",1,0.587041330575185,0.001,91
"ASV_6219",1,0.585748266273577,0.001,27
"ASV_386",1,0.584884447753488,0.001,17
"ASV_1814",1,0.582578258188545,0.001,26
"ASV_2340",1,0.582004492501054,0.001,33
"ASV_1867",1,0.580507873457228,0.001,18
"ASV_4255",1,0.579882663038857,0.001,30
"ASV_6568",1,0.578947368421053,0.001,11
"ASV_6598",1,0.578947368421053,0.001,11
"ASV_6601",1,0.578947368421053,0.001,11
"ASV_6630",1,0.578947368421053,0.001,11
"ASV_6636",1,0.578947368421053,0.001,11
"ASV_6665",1,0.578947368421053,0.001,11
"ASV_6667",1,0.578947368421053,0.001,11
"ASV_6675",1,0.578947368421053,0.001,11
"ASV_6682",1,0.578947368421053,0.001,11
"ASV_6691",1,0.578947368421053,0.001,11
"ASV_6697",1,0.578947368421053,0.001,11
"ASV_471",1,0.577675121101617,0.001,26
"ASV_2988",1,0.577251525804921,0.001,71
"ASV_1146",1,0.573947480929772,0.001,44
"ASV_6470",1,0.572972076640571,0.001,14
"ASV_3961",1,0.57285183478479,0.001,77
"ASV_4254",1,0.570993644632188,0.001,14
"ASV_4299",1,0.570479221595213,0.001,27
"ASV_3166",1,0.570092609467269,0.001,21
"ASV_1849",1,0.569106414146699,0.001,19
"ASV_4288",1,0.568468683019767,0.001,17
"ASV_2573",1,0.568183539491104,0.001,13
"ASV_3086",1,0.567789892655501,0.001,22
"ASV_804",1,0.566914003181069,0.001,20
"ASV_1702",1,0.565198984149973,0.001,20
"ASV_721",1,0.564012955123005,0.001,61
"ASV_1226",1,0.563545475762035,0.001,123
"ASV_1838",1,0.563315848238798,0.001,28
"ASV_55",1,0.563255499662137,0.001,19
"ASV_1643",1,0.563066151993477,0.001,22
"ASV_269",1,0.562944109575615,0.001,15
"ASV_5321",1,0.562851189361304,0.001,25
"ASV_317",1,0.562417925350583,0.001,23
"ASV_437",1,0.562331771338493,0.001,19
"ASV_83",1,0.562024534816935,0.001,19
"ASV_6159",1,0.560874460668186,0.001,15
"ASV_2696",1,0.559992912135596,0.001,19
"ASV_582",1,0.559790879104479,0.001,18
"ASV_425",1,0.559715690492593,0.001,18
"ASV_328",1,0.55898868049244,0.001,32
"ASV_741",1,0.556875715518877,0.001,17
"ASV_6220",1,0.555516031967048,0.001,15
"ASV_4138",1,0.555333481382782,0.001,18
"ASV_4264",1,0.555122464366639,0.001,17
"ASV_67",1,0.553787692950657,0.001,15
"ASV_914",1,0.553479774936284,0.001,37
"ASV_1640",1,0.552374942904367,0.001,23
"ASV_725",1,0.552182769548941,0.001,20
"ASV_2358",1,0.552033701870895,0.001,29
"ASV_2725",1,0.551977306480241,0.001,30
"ASV_284",1,0.551022631903519,0.001,84
"ASV_2292",1,0.550492083868207,0.001,24
"ASV_6374",1,0.549229590821953,0.001,26
"ASV_297",1,0.549104720564297,0.001,21
"ASV_2236",1,0.547360082551165,0.001,26
"ASV_1141",1,0.547057603324311,0.001,56
"ASV_2980",1,0.545864661654135,0.001,19
"ASV_3210",1,0.544672844241741,0.001,63
"ASV_1294",1,0.544562966436135,0.001,32
"ASV_3022",1,0.54428805373023,0.001,17
"ASV_728",1,0.544179460743446,0.001,18
"ASV_1216",1,0.542674446945476,0.001,68
"ASV_268",1,0.540205660617548,0.001,17
"ASV_670",1,0.539918482798716,0.001,47
"ASV_282",1,0.539567893480719,0.001,15
"ASV_5804",1,0.539497734038125,0.001,65
"ASV_292",1,0.539127731687914,0.001,21
"ASV_1142",1,0.534339640728719,0.001,105
"ASV_2777",1,0.531169175064152,0.001,27
"ASV_6563",1,0.526315789473684,0.001,10
"ASV_6565",1,0.526315789473684,0.001,10
"ASV_6569",1,0.526315789473684,0.001,10
"ASV_6576",1,0.526315789473684,0.001,10
"ASV_6578",1,0.526315789473684,0.001,10
"ASV_6588",1,0.526315789473684,0.001,10
"ASV_6603",1,0.526315789473684,0.001,10
"ASV_6627",1,0.526315789473684,0.001,10
"ASV_6629",1,0.526315789473684,0.001,10
"ASV_6633",1,0.526315789473684,0.001,10
"ASV_6641",1,0.526315789473684,0.001,10
"ASV_6655",1,0.526315789473684,0.001,10
"ASV_6658",1,0.526315789473684,0.001,10
"ASV_6661",1,0.526315789473684,0.001,10
"ASV_6663",1,0.526315789473684,0.001,10
"ASV_6664",1,0.526315789473684,0.001,10
"ASV_6676",1,0.526315789473684,0.001,10
"ASV_6699",1,0.526315789473684,0.001,10
"ASV_6712",1,0.526315789473684,0.001,10
"ASV_6797",1,0.526315789473684,0.001,10
"ASV_6812",1,0.526315789473684,0.001,10
"ASV_2944",1,0.524508070513725,0.001,12
"ASV_4811",1,0.523851848305018,0.001,14
"ASV_2686",1,0.523493057068716,0.001,13
"ASV_4778",1,0.522129850044228,0.001,18
"ASV_3003",1,0.519146090106596,0.001,18
"ASV_2767",1,0.51880209263048,0.001,17
"ASV_295",1,0.518702391919554,0.001,22
"ASV_5518",1,0.517633328045769,0.001,19
"ASV_1268",1,0.516845477375786,0.001,77
"ASV_4734",1,0.516628280824123,0.001,12
"ASV_1189",1,0.51601435775182,0.001,94
"ASV_2759",1,0.514452254414538,0.001,22
"ASV_5512",1,0.512789748044483,0.001,21
"ASV_829",1,0.512136671769283,0.001,24
"ASV_54",1,0.51167118410939,0.001,28
"ASV_68",1,0.511410699823954,0.001,13
"ASV_64",1,0.511173560681818,0.001,15
"ASV_4402",1,0.510470843033516,0.001,38
"ASV_6215",1,0.509014828598356,0.001,20
"ASV_1277",1,0.507660665841156,0.001,86
"ASV_451",1,0.506170745154587,0.001,16
"ASV_6253",1,0.505549279069868,0.001,14
"ASV_2587",1,0.505222750849881,0.001,40
"ASV_2418",1,0.504684813916687,0.001,20
"ASV_332",1,0.50463661435861,0.001,27
"ASV_4392",1,0.504623272557693,0.001,34
"ASV_228",1,0.504159508563694,0.001,15
"ASV_1703",1,0.502962216377,0.001,15
"ASV_580",1,0.501183144960978,0.001,16
"ASV_5598",1,0.500612846167921,0.002,109
"ASV_6167",1,0.495270601477824,0.001,20
"ASV_2957",1,0.495254508200765,0.001,55
"ASV_1650",1,0.49491732936338,0.001,27
"ASV_2249",1,0.494522656790344,0.001,24
"ASV_4174",1,0.494497660056901,0.001,22
"ASV_3696",1,0.494085882806122,0.001,18
"ASV_440",1,0.493859711014642,0.001,19
"ASV_2272",1,0.492015084440072,0.001,26
"ASV_4300",1,0.489113730382972,0.001,19
"ASV_4258",1,0.487782402418265,0.001,45
"ASV_1884",1,0.480474798681082,0.001,98
"ASV_3164",1,0.480251047409301,0.001,42
"ASV_5710",1,0.477612989576433,0.001,42
"ASV_6577",1,0.473684210526316,0.001,9
"ASV_6609",1,0.473684210526316,0.001,9
"ASV_6631",1,0.473684210526316,0.001,9
"ASV_6643",1,0.473684210526316,0.001,9
"ASV_6652",1,0.473684210526316,0.001,9
"ASV_6671",1,0.473684210526316,0.001,9
"ASV_6696",1,0.473684210526316,0.001,9
"ASV_6702",1,0.473684210526316,0.001,9
"ASV_6711",1,0.473684210526316,0.001,9
"ASV_6724",1,0.473684210526316,0.001,9
"ASV_6732",1,0.473684210526316,0.001,9
"ASV_6739",1,0.473684210526316,0.001,9
"ASV_6755",1,0.473684210526316,0.001,9
"ASV_6759",1,0.473684210526316,0.001,9
"ASV_6784",1,0.473684210526316,0.001,9
"ASV_6785",1,0.473684210526316,0.001,9
"ASV_6796",1,0.473684210526316,0.001,9
"ASV_6823",1,0.473684210526316,0.001,9
"ASV_6871",1,0.473684210526316,0.001,9
"ASV_2848",1,0.47274846127949,0.001,66
"ASV_1358",1,0.472378095975232,0.001,74
"ASV_2740",1,0.472141038226715,0.001,21
"ASV_3986",1,0.471038130462212,0.001,57
"ASV_5449",1,0.470955809562442,0.001,37
"ASV_1751",1,0.47030921255456,0.001,35
"ASV_294",1,0.468953632166644,0.001,33
"ASV_510",1,0.468844525105868,0.001,14
"ASV_2368",1,0.468811810267658,0.001,16
"ASV_1706",1,0.468248771463627,0.001,11
"ASV_806",1,0.465571005217148,0.001,14
"ASV_6222",1,0.465530294150499,0.001,18
"ASV_903",1,0.464614717752895,0.001,32
"ASV_4277",1,0.464589061272584,0.001,13
"ASV_1858",1,0.463818374258454,0.001,12
"ASV_387",1,0.463803288306909,0.001,14
"ASV_1727",1,0.462936658579815,0.001,11
"ASV_5728",1,0.461310428759083,0.001,62
"ASV_428",1,0.460845408814476,0.001,15
"ASV_1728",1,0.460845408814476,0.001,15
"ASV_3987",1,0.460257619720613,0.001,86
"ASV_6519",1,0.460134480088519,0.001,22
"ASV_705",1,0.459954931567707,0.001,13
"ASV_265",1,0.459174344097676,0.001,40
"ASV_5301",1,0.458947875346927,0.001,14
"ASV_344",1,0.458058429549658,0.001,18
"ASV_2555",1,0.45722294675416,0.001,21
"ASV_2991",1,0.45676941965543,0.001,23
"ASV_2600",1,0.455313292952443,0.001,12
"ASV_4198",1,0.452814300308089,0.001,23
"ASV_6064",1,0.452563015095391,0.001,16
"ASV_5796",1,0.452330315486099,0.016,150
"ASV_411",1,0.451833785656943,0.001,14
"ASV_1875",1,0.451147371462461,0.001,13
"ASV_3600",1,0.450024709661478,0.001,22
"ASV_2773",1,0.449005532753145,0.001,34
"ASV_6230",1,0.445872193373836,0.001,22
"ASV_6286",1,0.445743541330041,0.001,11
"ASV_5314",1,0.44306027385745,0.001,11
"ASV_273",1,0.442849370842912,0.001,20
"ASV_2985",1,0.442841167346055,0.001,20
"ASV_1995",1,0.442786040830108,0.001,59
"ASV_3160",1,0.441929160965116,0.001,19
"ASV_1279",1,0.441195520457361,0.001,71
"ASV_866",1,0.441023672750688,0.001,17
"ASV_940",1,0.440327266750308,0.002,53
"ASV_395",1,0.440235251160607,0.001,21
"ASV_4802",1,0.439976345357776,0.001,17
"ASV_74",1,0.439757508955635,0.001,13
"ASV_700",1,0.435981456045495,0.001,53
"ASV_508",1,0.435548617305977,0.001,13
"ASV_2664",1,0.435351568733842,0.001,47
"ASV_3378",1,0.434246910640099,0.001,34
"ASV_4931",1,0.433572789913502,0.001,17
"ASV_1694",1,0.431942682092772,0.001,29
"ASV_3240",1,0.430102202411039,0.001,44
"ASV_836",1,0.425929612069752,0.001,45
"ASV_2474",1,0.423344594191307,0.001,33
"ASV_6637",1,0.421052631578947,0.001,8
"ASV_6673",1,0.421052631578947,0.001,8
"ASV_6674",1,0.421052631578947,0.001,8
"ASV_6677",1,0.421052631578947,0.001,8
"ASV_6688",1,0.421052631578947,0.001,8
"ASV_6700",1,0.421052631578947,0.001,8
"ASV_6721",1,0.421052631578947,0.001,8
"ASV_6725",1,0.421052631578947,0.001,8
"ASV_6726",1,0.421052631578947,0.001,8
"ASV_6736",1,0.421052631578947,0.001,8
"ASV_6740",1,0.421052631578947,0.001,8
"ASV_6746",1,0.421052631578947,0.001,8
"ASV_6754",1,0.421052631578947,0.001,8
"ASV_6771",1,0.421052631578947,0.001,8
"ASV_6788",1,0.421052631578947,0.001,8
"ASV_6789",1,0.421052631578947,0.001,8
"ASV_6887",1,0.421052631578947,0.001,8
"ASV_1716",1,0.418902836961112,0.001,11
"ASV_2705",1,0.418781194895245,0.001,10
"ASV_2695",1,0.418541731872032,0.001,44
"ASV_2649",1,0.418341537296479,0.001,54
"ASV_340",1,0.418326489581026,0.001,15
"ASV_2681",1,0.418127844004252,0.001,14
"ASV_2778",1,0.417829135876942,0.001,11
"ASV_3163",1,0.417711694572455,0.001,15
"ASV_4280",1,0.417290496866608,0.001,28
"ASV_267",1,0.415177568467918,0.001,11
"ASV_4472",1,0.415105167511543,0.001,10
"ASV_276",1,0.412697763070195,0.001,18
"ASV_229",1,0.412007084972335,0.001,41
"ASV_2999",1,0.411078170485596,0.001,24
"ASV_6030",1,0.408348836187323,0.001,34
"ASV_430",1,0.40802755831291,0.001,13
"ASV_4131",1,0.407462688137094,0.001,13
"ASV_58",1,0.40722590877815,0.001,12
"ASV_1134",1,0.407134130273339,0.001,31
"ASV_4189",1,0.405698363838904,0.001,12
"ASV_6166",1,0.405166343953529,0.001,16
"ASV_1214",1,0.402429040752173,0.001,78
"ASV_263",1,0.402416152126394,0.001,15
"ASV_5273",1,0.4023697731016,0.001,12
"ASV_4135",1,0.40165688372367,0.001,12
"ASV_70",1,0.399583592716011,0.001,12
"ASV_2813",1,0.397462332487655,0.001,12
"ASV_2518",1,0.397095708257027,0.001,16
"ASV_66",1,0.397044758327211,0.001,11
"ASV_3990",1,0.396753575824017,0.001,26
"ASV_1691",1,0.396643280158505,0.001,12
"ASV_1197",1,0.394409302135151,0.001,26
"ASV_1516",1,0.393636593196494,0.001,24
"ASV_3779",1,0.392073585658305,0.001,14
"ASV_1748",1,0.392041154980116,0.001,18
"ASV_2958",1,0.389232530696784,0.001,22
"ASV_350",1,0.388116769368937,0.001,34
"ASV_5005",1,0.387932833784029,0.001,17
"ASV_2390",1,0.387294652784513,0.001,21
"ASV_1889",1,0.385468626917383,0.002,69
"ASV_1730",1,0.385103699461393,0.001,43
"ASV_6216",1,0.384771452440625,0.001,14
"ASV_912",1,0.384440127558864,0.001,53
"ASV_872",1,0.38347665073533,0.001,16
"ASV_583",1,0.374395241652724,0.001,34
"ASV_2782",1,0.373272980089346,0.001,13
"ASV_766",1,0.373135397710175,0.001,21
"ASV_215",1,0.372505953772343,0.001,22
"ASV_2975",1,0.370893220911235,0.001,43
"ASV_312",1,0.369261216183417,0.001,19
"ASV_6584",1,0.368421052631579,0.001,7
"ASV_6618",1,0.368421052631579,0.001,7
"ASV_6623",1,0.368421052631579,0.001,7
"ASV_6650",1,0.368421052631579,0.001,7
"ASV_6651",1,0.368421052631579,0.001,7
"ASV_6656",1,0.368421052631579,0.001,7
"ASV_6666",1,0.368421052631579,0.001,7
"ASV_6680",1,0.368421052631579,0.001,7
"ASV_6684",1,0.368421052631579,0.001,7
"ASV_6703",1,0.368421052631579,0.001,7
"ASV_6705",1,0.368421052631579,0.001,7
"ASV_6714",1,0.368421052631579,0.001,7
"ASV_6741",1,0.368421052631579,0.001,7
"ASV_6760",1,0.368421052631579,0.001,7
"ASV_6763",1,0.368421052631579,0.001,7
"ASV_6772",1,0.368421052631579,0.001,7
"ASV_6807",1,0.368421052631579,0.001,7
"ASV_6824",1,0.368421052631579,0.001,7
"ASV_6826",1,0.368421052631579,0.001,7
"ASV_6864",1,0.368421052631579,0.001,7
"ASV_6972",1,0.368421052631579,0.001,7
"ASV_7046",1,0.368421052631579,0.001,7
"ASV_3531",1,0.364730959347854,0.001,20
"ASV_271",1,0.363622515043034,0.001,11
"ASV_2754",1,0.363093550969745,0.001,10
"ASV_5706",1,0.36196101706762,0.001,11
"ASV_4827",1,0.36158793566351,0.001,28
"ASV_2974",1,0.359677964286009,0.001,14
"ASV_348",1,0.359233409074648,0.001,12
"ASV_2381",1,0.35868459582338,0.001,14
"ASV_704",1,0.357853359578911,0.001,9
"ASV_1868",1,0.357328451762049,0.001,16
"ASV_4777",1,0.357301116174073,0.001,11
"ASV_4305",1,0.354796658478238,0.001,31
"ASV_59",1,0.354246786067465,0.001,18
"ASV_4122",1,0.353887529698554,0.001,35
"ASV_1495",1,0.353642727508426,0.001,13
"ASV_897",1,0.352658204830974,0.001,13
"ASV_94",1,0.351736099357015,0.001,18
"ASV_5275",1,0.351473723853401,0.001,11
"ASV_461",1,0.348563206132421,0.001,12
"ASV_3202",1,0.347022997239711,0.001,25
"ASV_2065",1,0.343314306260956,0.001,9
"ASV_3507",1,0.342175580498151,0.001,36
"ASV_5290",1,0.340629825750587,0.001,9
"ASV_6188",1,0.340347429089044,0.001,11
"ASV_3230",1,0.339365841141264,0.001,15
"ASV_3056",1,0.334429535884468,0.001,23
"ASV_3595",1,0.333448375035951,0.001,10
"ASV_2962",1,0.333395712632572,0.001,20
"ASV_4329",1,0.332205830741489,0.001,12
"ASV_2852",1,0.329796811322033,0.001,32
"ASV_2689",1,0.328093501941237,0.003,51
"ASV_4636",1,0.32626282472941,0.001,10
"ASV_3433",1,0.323355777620466,0.001,37
"ASV_6441",1,0.323141301186345,0.001,37
"ASV_6004",1,0.320219860928486,0.001,31
"ASV_1841",1,0.316944938836625,0.001,17
"ASV_6590",1,0.31578947368421,0.001,6
"ASV_6591",1,0.31578947368421,0.001,6
"ASV_6646",1,0.31578947368421,0.001,6
"ASV_6653",1,0.31578947368421,0.001,6
"ASV_6659",1,0.31578947368421,0.001,6
"ASV_6678",1,0.31578947368421,0.001,6
"ASV_6750",1,0.31578947368421,0.001,6
"ASV_6751",1,0.31578947368421,0.001,6
"ASV_6752",1,0.31578947368421,0.001,6
"ASV_6765",1,0.31578947368421,0.001,6
"ASV_6769",1,0.31578947368421,0.001,6
"ASV_6770",1,0.31578947368421,0.001,6
"ASV_6773",1,0.31578947368421,0.001,6
"ASV_6793",1,0.31578947368421,0.001,6
"ASV_6810",1,0.31578947368421,0.001,6
"ASV_6828",1,0.31578947368421,0.001,6
"ASV_6834",1,0.31578947368421,0.001,6
"ASV_6843",1,0.31578947368421,0.001,6
"ASV_6846",1,0.31578947368421,0.001,6
"ASV_6848",1,0.31578947368421,0.001,6
"ASV_6883",1,0.31578947368421,0.001,6
"ASV_6895",1,0.31578947368421,0.001,6
"ASV_7022",1,0.31578947368421,0.001,6
"ASV_2799",1,0.315657233536101,0.001,20
"ASV_590",1,0.314548682679945,0.001,8
"ASV_3357",1,0.314374099298687,0.001,16
"ASV_6122",1,0.312709068437934,0.001,26
"ASV_3800",1,0.311823592849487,0.001,9
"ASV_1979",1,0.311625821482052,0.001,9
"ASV_3132",1,0.311533916262182,0.001,12
"ASV_3909",1,0.310616863576475,0.001,30
"ASV_465",1,0.310043042249484,0.001,16
"ASV_2718",1,0.309764886856888,0.001,10
"ASV_3168",1,0.308160643151697,0.001,21
"ASV_472",1,0.307720890729092,0.001,8
"ASV_285",1,0.306166378255181,0.001,10
"ASV_4196",1,0.305012892328487,0.001,25
"ASV_639",1,0.304479388858574,0.001,15
"ASV_3126",1,0.304162712426944,0.001,11
"ASV_631",1,0.302486579177291,0.001,12
"ASV_1485",1,0.301483890533008,0.001,16
"ASV_597",1,0.301274769657958,0.001,17
"ASV_2766",1,0.300862958068779,0.001,18
"ASV_4816",1,0.300766695464527,0.001,27
"ASV_84",1,0.300742451740637,0.001,10
"ASV_3151",1,0.297185640766861,0.001,19
"ASV_506",1,0.295523482550582,0.001,13
"ASV_4932",1,0.294946397994452,0.001,15
"ASV_749",1,0.294591081285259,0.013,64
"ASV_1758",1,0.292760385270778,0.001,27
"ASV_6502",1,0.29123518735988,0.001,17
"ASV_136",1,0.290365744870651,0.001,11
"ASV_2927",1,0.289739207677973,0.001,14
"ASV_2505",1,0.289421115713775,0.001,12
"ASV_383",1,0.288014553408519,0.001,10
"ASV_5793",1,0.286757344794906,0.001,30
"ASV_1489",1,0.284734621363535,0.001,9
"ASV_3980",1,0.281794089989457,0.001,18
"ASV_617",1,0.280959338401427,0.001,23
"ASV_6190",1,0.280100809408878,0.001,18
"ASV_3372",1,0.279875478252219,0.001,11
"ASV_4729",1,0.278417279536837,0.001,9
"ASV_1213",1,0.277157074680894,0.02,66
"ASV_252",1,0.275274352862332,0.001,17
"ASV_3004",1,0.274882145262342,0.001,29
"ASV_3536",1,0.268375942591876,0.001,16
"ASV_588",1,0.265946635785692,0.002,24
"ASV_6589",1,0.263157894736842,0.001,5
"ASV_6593",1,0.263157894736842,0.001,5
"ASV_6595",1,0.263157894736842,0.001,5
"ASV_6604",1,0.263157894736842,0.001,5
"ASV_6608",1,0.263157894736842,0.001,5
"ASV_6614",1,0.263157894736842,0.001,5
"ASV_6615",1,0.263157894736842,0.001,5
"ASV_6616",1,0.263157894736842,0.001,5
"ASV_6617",1,0.263157894736842,0.001,5
"ASV_6622",1,0.263157894736842,0.001,5
"ASV_6644",1,0.263157894736842,0.001,5
"ASV_6654",1,0.263157894736842,0.001,5
"ASV_6657",1,0.263157894736842,0.001,5
"ASV_6683",1,0.263157894736842,0.001,5
"ASV_6707",1,0.263157894736842,0.001,5
"ASV_6737",1,0.263157894736842,0.001,5
"ASV_6745",1,0.263157894736842,0.001,5
"ASV_6766",1,0.263157894736842,0.001,5
"ASV_6787",1,0.263157894736842,0.001,5
"ASV_6806",1,0.263157894736842,0.001,5
"ASV_6833",1,0.263157894736842,0.001,5
"ASV_6835",1,0.263157894736842,0.001,5
"ASV_6836",1,0.263157894736842,0.001,5
"ASV_6849",1,0.263157894736842,0.001,5
"ASV_6870",1,0.263157894736842,0.001,5
"ASV_6876",1,0.263157894736842,0.001,5
"ASV_6882",1,0.263157894736842,0.001,5
"ASV_6907",1,0.263157894736842,0.001,5
"ASV_6918",1,0.263157894736842,0.001,5
"ASV_6919",1,0.263157894736842,0.001,5
"ASV_6923",1,0.263157894736842,0.001,5
"ASV_6937",1,0.263157894736842,0.001,5
"ASV_6938",1,0.263157894736842,0.001,5
"ASV_6951",1,0.263157894736842,0.001,5
"ASV_6970",1,0.263157894736842,0.001,5
"ASV_6988",1,0.263157894736842,0.001,5
"ASV_7014",1,0.263157894736842,0.001,5
"ASV_7017",1,0.263157894736842,0.001,5
"ASV_7023",1,0.263157894736842,0.001,5
"ASV_7038",1,0.263157894736842,0.001,5
"ASV_7067",1,0.263157894736842,0.001,5
"ASV_7074",1,0.263157894736842,0.001,5
"ASV_7080",1,0.263157894736842,0.001,5
"ASV_2986",1,0.259063858523615,0.027,70
"ASV_225",1,0.258797026900049,0.001,13
"ASV_4276",1,0.258679990396074,0.001,13
"ASV_3794",1,0.257931869129317,0.001,11
"ASV_172",1,0.256707367476353,0.001,9
"ASV_5823",1,0.256497703256337,0.001,13
"ASV_3306",1,0.256025227119153,0.001,7
"ASV_507",1,0.255309371240325,0.001,10
"ASV_2564",1,0.255103313101288,0.001,8
"ASV_3125",1,0.254546811766525,0.001,8
"ASV_2724",1,0.254344335414808,0.003,30
"ASV_2283",1,0.253338486302732,0.001,19
"ASV_337",1,0.253024843366677,0.001,9
"ASV_2947",1,0.252854252714805,0.001,10
"ASV_2592",1,0.252483494786203,0.001,15
"ASV_5205",1,0.251849019443513,0.012,55
"ASV_1038",1,0.249575332160036,0.001,16
"ASV_649",1,0.249366311485371,0.028,74
"ASV_1272",1,0.249179008176232,0.001,29
"ASV_738",1,0.249133452136882,0.001,9
"ASV_6456",1,0.248656980930052,0.008,37
"ASV_3928",1,0.247469229632445,0.023,58
"ASV_6175",1,0.246764452113891,0.001,7
"ASV_2280",1,0.245161363947597,0.001,14
"ASV_288",1,0.244077798930404,0.001,13
"ASV_589",1,0.236772670462436,0.001,12
"ASV_3023",1,0.235863111073276,0.001,11
"ASV_6171",1,0.234743678608392,0.001,9
"ASV_1255",1,0.232881078127846,0.001,10
"ASV_2648",1,0.232830725462304,0.002,30
"ASV_307",1,0.232230969804551,0.006,31
"ASV_4829",1,0.23198637864274,0.012,42
"ASV_1198",1,0.227213835686417,0.002,26
"ASV_3872",1,0.224186420249096,0.005,29
"ASV_663",1,0.222881328985349,0.001,15
"ASV_1365",1,0.221702344299256,0.004,28
"ASV_727",1,0.216915120170368,0.002,11
"ASV_2227",1,0.216291263778085,0.001,14
"ASV_231",1,0.215650086471697,0.01,36
"ASV_309",1,0.214621034860646,0.002,13
"ASV_378",1,0.211168620944909,0.001,12
"ASV_6573",1,0.210526315789474,0.001,4
"ASV_6581",1,0.210526315789474,0.001,4
"ASV_6583",1,0.210526315789474,0.001,4
"ASV_6597",1,0.210526315789474,0.001,4
"ASV_6599",1,0.210526315789474,0.001,4
"ASV_6606",1,0.210526315789474,0.001,4
"ASV_6619",1,0.210526315789474,0.001,4
"ASV_6620",1,0.210526315789474,0.002,4
"ASV_6638",1,0.210526315789474,0.001,4
"ASV_6660",1,0.210526315789474,0.001,4
"ASV_6668",1,0.210526315789474,0.001,4
"ASV_6669",1,0.210526315789474,0.001,4
"ASV_6687",1,0.210526315789474,0.001,4
"ASV_6690",1,0.210526315789474,0.001,4
"ASV_6695",1,0.210526315789474,0.001,4
"ASV_6728",1,0.210526315789474,0.001,4
"ASV_6748",1,0.210526315789474,0.001,4
"ASV_6749",1,0.210526315789474,0.001,4
"ASV_6761",1,0.210526315789474,0.001,4
"ASV_6764",1,0.210526315789474,0.001,4
"ASV_6776",1,0.210526315789474,0.001,4
"ASV_6782",1,0.210526315789474,0.001,4
"ASV_6783",1,0.210526315789474,0.001,4
"ASV_6786",1,0.210526315789474,0.001,4
"ASV_6795",1,0.210526315789474,0.001,4
"ASV_6813",1,0.210526315789474,0.001,4
"ASV_6822",1,0.210526315789474,0.001,4
"ASV_6884",1,0.210526315789474,0.001,4
"ASV_6897",1,0.210526315789474,0.001,4
"ASV_6939",1,0.210526315789474,0.001,4
"ASV_6943",1,0.210526315789474,0.001,4
"ASV_6950",1,0.210526315789474,0.001,4
"ASV_6973",1,0.210526315789474,0.001,4
"ASV_6990",1,0.210526315789474,0.001,4
"ASV_7110",1,0.210526315789474,0.001,4
"ASV_7166",1,0.210526315789474,0.001,4
"ASV_7288",1,0.210526315789474,0.001,4
"ASV_7290",1,0.210526315789474,0.001,4
"ASV_650",1,0.206775227303976,0.001,6
"ASV_3804",1,0.205038118214361,0.001,8
"ASV_2393",1,0.204962626184788,0.001,10
"ASV_5707",1,0.204386906667839,0.004,19
"ASV_3131",1,0.203796121618587,0.007,22
"ASV_2661",1,0.203270641763902,0.001,8
"ASV_3356",1,0.203175266427177,0.002,16
"ASV_6182",1,0.202907268170426,0.001,7
"ASV_6281",1,0.202856520653738,0.001,11
"ASV_722",1,0.202193199561297,0.026,48
"ASV_3094",1,0.202157915251732,0.002,23
"ASV_2849",1,0.2011848865508,0.001,6
"ASV_873",1,0.201143374498016,0.002,12
"ASV_2173",1,0.200860793724104,0.001,7
"ASV_682",1,0.200352153921385,0.001,11
"ASV_3860",1,0.199383097899313,0.003,24
"ASV_137",1,0.197066650510097,0.002,7
"ASV_5941",1,0.194743331819067,0.005,12
"ASV_4011",1,0.194288156114237,0.001,7
"ASV_4795",1,0.194288156114237,0.001,10
"ASV_6365",1,0.193208272260337,0.001,8
"ASV_6174",1,0.191682377155508,0.004,18
"ASV_2291",1,0.187473636816038,0.004,13
"ASV_906",1,0.185377556386757,0.005,17
"ASV_4179",1,0.183968365876835,0.001,6
"ASV_3103",1,0.176158697806352,0.025,35
"ASV_2992",1,0.174769915774258,0.008,19
"ASV_270",1,0.174140627493537,0.001,7
"ASV_196",1,0.171449832069666,0.017,27
"ASV_1750",1,0.171043674536921,0.006,15
"ASV_2557",1,0.17091009379649,0.008,18
"ASV_2281",1,0.170477538432436,0.015,25
"ASV_1517",1,0.165859392416351,0.007,16
"ASV_4282",1,0.159630701212574,0.002,7
"ASV_6639",1,0.157894736842105,0.001,3
"ASV_6645",1,0.157894736842105,0.001,3
"ASV_6662",1,0.157894736842105,0.001,3
"ASV_6672",1,0.157894736842105,0.001,3
"ASV_6681",1,0.157894736842105,0.001,3
"ASV_6701",1,0.157894736842105,0.001,3
"ASV_6710",1,0.157894736842105,0.001,3
"ASV_6719",1,0.157894736842105,0.001,3
"ASV_6722",1,0.157894736842105,0.001,3
"ASV_6738",1,0.157894736842105,0.001,3
"ASV_6777",1,0.157894736842105,0.001,3
"ASV_6801",1,0.157894736842105,0.001,3
"ASV_6802",1,0.157894736842105,0.002,3
"ASV_6803",1,0.157894736842105,0.002,3
"ASV_6805",1,0.157894736842105,0.001,3
"ASV_6825",1,0.157894736842105,0.001,3
"ASV_6827",1,0.157894736842105,0.001,3
"ASV_6847",1,0.157894736842105,0.001,3
"ASV_6863",1,0.157894736842105,0.001,3
"ASV_6865",1,0.157894736842105,0.001,3
"ASV_6875",1,0.157894736842105,0.002,3
"ASV_6967",1,0.157894736842105,0.001,3
"ASV_6987",1,0.157894736842105,0.001,3
"ASV_7012",1,0.157894736842105,0.001,3
"ASV_7024",1,0.157894736842105,0.001,3
"ASV_7066",1,0.157894736842105,0.001,3
"ASV_7068",1,0.157894736842105,0.001,3
"ASV_7069",1,0.157894736842105,0.001,3
"ASV_7075",1,0.157894736842105,0.001,3
"ASV_7162",1,0.157894736842105,0.001,3
"ASV_7167",1,0.157894736842105,0.001,3
"ASV_7178",1,0.157894736842105,0.001,3
"ASV_7206",1,0.157894736842105,0.002,3
"ASV_7227",1,0.157894736842105,0.001,3
"ASV_7230",1,0.157894736842105,0.001,3
"ASV_7300",1,0.157894736842105,0.001,3
"ASV_7379",1,0.157894736842105,0.001,3
"ASV_2184",1,0.157779063042221,0.001,11
"ASV_5969",1,0.156041458522411,0.002,10
"ASV_3087",1,0.151919633107665,0.003,12
"ASV_3063",1,0.151473111253456,0.001,8
"ASV_6111",1,0.150805021306,0.001,10
"ASV_5938",1,0.147999189838257,0.004,8
"ASV_3058",1,0.145829733559111,0.005,7
"ASV_3947",1,0.145301033693679,0.003,7
"ASV_371",1,0.143260590500642,0.003,8
"ASV_261",1,0.142890143599276,0.003,8
"ASV_3955",1,0.136549192636399,0.004,6
"ASV_1764",1,0.136007844049657,0.036,22
"ASV_4111",1,0.135569895103826,0.032,23
"ASV_3060",1,0.13394645045322,0.013,13
"ASV_4881",1,0.129117758424839,0.015,13
"ASV_494",1,0.125648078189959,0.047,22
"ASV_6151",1,0.124264667603727,0.007,11
"ASV_739",1,0.123793425132362,0.013,16
"ASV_4643",1,0.119525531780958,0.022,17
"ASV_4703",1,0.10968132464591,0.033,25
"ASV_4012",1,0.107657296202265,0.022,12
"ASV_883",1,0.107374018916114,0.001,6
"ASV_6596",1,0.105263157894737,0.003,2
"ASV_6632",1,0.105263157894737,0.004,2
"ASV_6708",1,0.105263157894737,0.005,2
"ASV_6709",1,0.105263157894737,0.003,2
"ASV_6729",1,0.105263157894737,0.004,2
"ASV_6734",1,0.105263157894737,0.007,2
"ASV_6735",1,0.105263157894737,0.003,2
"ASV_6747",1,0.105263157894737,0.006,2
"ASV_6758",1,0.105263157894737,0.005,2
"ASV_6790",1,0.105263157894737,0.007,2
"ASV_6791",1,0.105263157894737,0.004,2
"ASV_6792",1,0.105263157894737,0.003,2
"ASV_6858",1,0.105263157894737,0.003,2
"ASV_6859",1,0.105263157894737,0.004,2
"ASV_6862",1,0.105263157894737,0.008,2
"ASV_6872",1,0.105263157894737,0.002,2
"ASV_6874",1,0.105263157894737,0.004,2
"ASV_6888",1,0.105263157894737,0.004,2
"ASV_6904",1,0.105263157894737,0.004,2
"ASV_6906",1,0.105263157894737,0.002,2
"ASV_6925",1,0.105263157894737,0.002,2
"ASV_6965",1,0.105263157894737,0.002,2
"ASV_6968",1,0.105263157894737,0.004,2
"ASV_6969",1,0.105263157894737,0.002,2
"ASV_6971",1,0.105263157894737,0.006,2
"ASV_6994",1,0.105263157894737,0.004,2
"ASV_6995",1,0.105263157894737,0.005,2
"ASV_6996",1,0.105263157894737,0.007,2
"ASV_7011",1,0.105263157894737,0.002,2
"ASV_7021",1,0.105263157894737,0.005,2
"ASV_7065",1,0.105263157894737,0.004,2
"ASV_7072",1,0.105263157894737,0.005,2
"ASV_7079",1,0.105263157894737,0.004,2
"ASV_7102",1,0.105263157894737,0.003,2
"ASV_7104",1,0.105263157894737,0.003,2
"ASV_7129",1,0.105263157894737,0.006,2
"ASV_7133",1,0.105263157894737,0.004,2
"ASV_7179",1,0.105263157894737,0.002,2
"ASV_7180",1,0.105263157894737,0.004,2
"ASV_7204",1,0.105263157894737,0.003,2
"ASV_7211",1,0.105263157894737,0.005,2
"ASV_7219",1,0.105263157894737,0.004,2
"ASV_7221",1,0.105263157894737,0.004,2
"ASV_7224",1,0.105263157894737,0.006,2
"ASV_7299",1,0.105263157894737,0.004,2
"ASV_7302",1,0.105263157894737,0.002,2
"ASV_7311",1,0.105263157894737,0.004,2
"ASV_7348",1,0.105263157894737,0.003,2
"ASV_7376",1,0.105263157894737,0.004,2
"ASV_7456",1,0.105263157894737,0.002,2
"ASV_7463",1,0.105263157894737,0.003,2
"ASV_3810",1,0.105109039069122,0.023,14
"ASV_6486",1,0.0997076023391813,0.008,5
"ASV_1223",1,0.0955544200306592,0.027,6
"ASV_5935",1,0.0918317539932338,0.02,5
"ASV_2174",1,0.0911924133178363,0.021,6
"ASV_339",1,0.0893876715134139,0.021,9
"ASV_341",1,0.0796284524473619,0.033,9
"ASV_5269",1,0.0772760750099144,0.025,5
"ASV_4725",1,0.0734377430277216,0.047,9
"ASV_5115",1,0.0627843972750467,0.016,4
"ASV_1185",1,0.0578414267713483,0.043,6
"ASV_6670",1,0.0526315789473684,0.043,1
"ASV_6679",1,0.0526315789473684,0.045,1
"ASV_6689",1,0.0526315789473684,0.049,1
"ASV_6693",1,0.0526315789473684,0.049,1
"ASV_6716",1,0.0526315789473684,0.05,1
"ASV_6720",1,0.0526315789473684,0.048,1
"ASV_6723",1,0.0526315789473684,0.042,1
"ASV_6727",1,0.0526315789473684,0.05,1
"ASV_6730",1,0.0526315789473684,0.045,1
"ASV_6744",1,0.0526315789473684,0.047,1
"ASV_6762",1,0.0526315789473684,0.05,1
"ASV_6767",1,0.0526315789473684,0.042,1
"ASV_6768",1,0.0526315789473684,0.045,1
"ASV_6775",1,0.0526315789473684,0.041,1
"ASV_6779",1,0.0526315789473684,0.044,1
"ASV_6780",1,0.0526315789473684,0.046,1
"ASV_6804",1,0.0526315789473684,0.049,1
"ASV_6809",1,0.0526315789473684,0.05,1
"ASV_6811",1,0.0526315789473684,0.05,1
"ASV_6814",1,0.0526315789473684,0.05,1
"ASV_6816",1,0.0526315789473684,0.049,1
"ASV_6821",1,0.0526315789473684,0.035,1
"ASV_6829",1,0.0526315789473684,0.047,1
"ASV_6830",1,0.0526315789473684,0.04,1
"ASV_6845",1,0.0526315789473684,0.046,1
"ASV_6851",1,0.0526315789473684,0.045,1
"ASV_6860",1,0.0526315789473684,0.044,1
"ASV_6878",1,0.0526315789473684,0.048,1
"ASV_6881",1,0.0526315789473684,0.046,1
"ASV_6885",1,0.0526315789473684,0.045,1
"ASV_6894",1,0.0526315789473684,0.05,1
"ASV_6898",1,0.0526315789473684,0.05,1
"ASV_6908",1,0.0526315789473684,0.043,1
"ASV_6912",1,0.0526315789473684,0.049,1
"ASV_6914",1,0.0526315789473684,0.042,1
"ASV_6915",1,0.0526315789473684,0.042,1
"ASV_6916",1,0.0526315789473684,0.048,1
"ASV_6922",1,0.0526315789473684,0.048,1
"ASV_6926",1,0.0526315789473684,0.05,1
"ASV_6927",1,0.0526315789473684,0.045,1
"ASV_6928",1,0.0526315789473684,0.05,1
"ASV_6929",1,0.0526315789473684,0.049,1
"ASV_6931",1,0.0526315789473684,0.044,1
"ASV_6934",1,0.0526315789473684,0.049,1
"ASV_6936",1,0.0526315789473684,0.048,1
"ASV_6940",1,0.0526315789473684,0.048,1
"ASV_6942",1,0.0526315789473684,0.05,1
"ASV_6946",1,0.0526315789473684,0.043,1
"ASV_6948",1,0.0526315789473684,0.05,1
"ASV_6952",1,0.0526315789473684,0.049,1
"ASV_6953",1,0.0526315789473684,0.047,1
"ASV_6954",1,0.0526315789473684,0.049,1
"ASV_6955",1,0.0526315789473684,0.05,1
"ASV_6956",1,0.0526315789473684,0.047,1
"ASV_6957",1,0.0526315789473684,0.044,1
"ASV_6958",1,0.0526315789473684,0.047,1
"ASV_6964",1,0.0526315789473684,0.041,1
"ASV_6974",1,0.0526315789473684,0.044,1
"ASV_6981",1,0.0526315789473684,0.049,1
"ASV_6982",1,0.0526315789473684,0.044,1
"ASV_6991",1,0.0526315789473684,0.048,1
"ASV_6998",1,0.0526315789473684,0.048,1
"ASV_7001",1,0.0526315789473684,0.047,1
"ASV_7018",1,0.0526315789473684,0.039,1
"ASV_7020",1,0.0526315789473684,0.05,1
"ASV_7027",1,0.0526315789473684,0.042,1
"ASV_7031",1,0.0526315789473684,0.048,1
"ASV_7033",1,0.0526315789473684,0.048,1
"ASV_7035",1,0.0526315789473684,0.046,1
"ASV_7036",1,0.0526315789473684,0.048,1
"ASV_7040",1,0.0526315789473684,0.048,1
"ASV_7048",1,0.0526315789473684,0.038,1
"ASV_7049",1,0.0526315789473684,0.048,1
"ASV_7052",1,0.0526315789473684,0.046,1
"ASV_7057",1,0.0526315789473684,0.048,1
"ASV_7070",1,0.0526315789473684,0.045,1
"ASV_7071",1,0.0526315789473684,0.05,1
"ASV_7077",1,0.0526315789473684,0.045,1
"ASV_7086",1,0.0526315789473684,0.044,1
"ASV_7091",1,0.0526315789473684,0.04,1
"ASV_7092",1,0.0526315789473684,0.047,1
"ASV_7093",1,0.0526315789473684,0.045,1
"ASV_7095",1,0.0526315789473684,0.046,1
"ASV_7097",1,0.0526315789473684,0.049,1
"ASV_7100",1,0.0526315789473684,0.042,1
"ASV_7109",1,0.0526315789473684,0.042,1
"ASV_7111",1,0.0526315789473684,0.046,1
"ASV_7113",1,0.0526315789473684,0.048,1
"ASV_7120",1,0.0526315789473684,0.046,1
"ASV_7123",1,0.0526315789473684,0.036,1
"ASV_7125",1,0.0526315789473684,0.048,1
"ASV_7127",1,0.0526315789473684,0.049,1
"ASV_7140",1,0.0526315789473684,0.049,1
"ASV_7145",1,0.0526315789473684,0.041,1
"ASV_7148",1,0.0526315789473684,0.039,1
"ASV_7153",1,0.0526315789473684,0.043,1
"ASV_7157",1,0.0526315789473684,0.049,1
"ASV_7165",1,0.0526315789473684,0.049,1
"ASV_7168",1,0.0526315789473684,0.044,1
"ASV_7170",1,0.0526315789473684,0.044,1
"ASV_7172",1,0.0526315789473684,0.042,1
"ASV_7173",1,0.0526315789473684,0.041,1
"ASV_7177",1,0.0526315789473684,0.05,1
"ASV_7181",1,0.0526315789473684,0.043,1
"ASV_7182",1,0.0526315789473684,0.05,1
"ASV_7184",1,0.0526315789473684,0.047,1
"ASV_7186",1,0.0526315789473684,0.048,1
"ASV_7188",1,0.0526315789473684,0.045,1
"ASV_7191",1,0.0526315789473684,0.049,1
"ASV_7192",1,0.0526315789473684,0.046,1
"ASV_7193",1,0.0526315789473684,0.048,1
"ASV_7199",1,0.0526315789473684,0.05,1
"ASV_7200",1,0.0526315789473684,0.05,1
"ASV_7201",1,0.0526315789473684,0.046,1
"ASV_7202",1,0.0526315789473684,0.046,1
"ASV_7214",1,0.0526315789473684,0.049,1
"ASV_7231",1,0.0526315789473684,0.049,1
"ASV_7235",1,0.0526315789473684,0.048,1
"ASV_7244",1,0.0526315789473684,0.049,1
"ASV_7245",1,0.0526315789473684,0.05,1
"ASV_7248",1,0.0526315789473684,0.045,1
"ASV_7252",1,0.0526315789473684,0.05,1
"ASV_7253",1,0.0526315789473684,0.047,1
"ASV_7255",1,0.0526315789473684,0.04,1
"ASV_7257",1,0.0526315789473684,0.05,1
"ASV_7267",1,0.0526315789473684,0.049,1
"ASV_7271",1,0.0526315789473684,0.049,1
"ASV_7272",1,0.0526315789473684,0.044,1
"ASV_7275",1,0.0526315789473684,0.043,1
"ASV_7277",1,0.0526315789473684,0.041,1
"ASV_7279",1,0.0526315789473684,0.05,1
"ASV_7280",1,0.0526315789473684,0.048,1
"ASV_7284",1,0.0526315789473684,0.042,1
"ASV_7285",1,0.0526315789473684,0.042,1
"ASV_7294",1,0.0526315789473684,0.048,1
"ASV_7296",1,0.0526315789473684,0.05,1
"ASV_7301",1,0.0526315789473684,0.05,1
"ASV_7319",1,0.0526315789473684,0.047,1
"ASV_7321",1,0.0526315789473684,0.042,1
"ASV_7322",1,0.0526315789473684,0.039,1
"ASV_7327",1,0.0526315789473684,0.045,1
"ASV_7328",1,0.0526315789473684,0.047,1
"ASV_7332",1,0.0526315789473684,0.049,1
"ASV_7339",1,0.0526315789473684,0.04,1
"ASV_7340",1,0.0526315789473684,0.047,1
"ASV_7347",1,0.0526315789473684,0.05,1
"ASV_7350",1,0.0526315789473684,0.048,1
"ASV_7353",1,0.0526315789473684,0.05,1
"ASV_7355",1,0.0526315789473684,0.05,1
"ASV_7357",1,0.0526315789473684,0.048,1
"ASV_7358",1,0.0526315789473684,0.047,1
"ASV_7361",1,0.0526315789473684,0.045,1
"ASV_7364",1,0.0526315789473684,0.046,1
"ASV_7368",1,0.0526315789473684,0.049,1
"ASV_7371",1,0.0526315789473684,0.046,1
"ASV_7372",1,0.0526315789473684,0.05,1
"ASV_7373",1,0.0526315789473684,0.05,1
"ASV_7375",1,0.0526315789473684,0.05,1
"ASV_7377",1,0.0526315789473684,0.05,1
"ASV_7381",1,0.0526315789473684,0.045,1
"ASV_7382",1,0.0526315789473684,0.044,1
"ASV_7386",1,0.0526315789473684,0.042,1
"ASV_7388",1,0.0526315789473684,0.05,1
"ASV_7390",1,0.0526315789473684,0.045,1
"ASV_7395",1,0.0526315789473684,0.05,1
"ASV_7401",1,0.0526315789473684,0.05,1
"ASV_7402",1,0.0526315789473684,0.045,1
"ASV_7405",1,0.0526315789473684,0.039,1
"ASV_7407",1,0.0526315789473684,0.046,1
"ASV_7411",1,0.0526315789473684,0.05,1
"ASV_7414",1,0.0526315789473684,0.045,1
"ASV_7415",1,0.0526315789473684,0.044,1
"ASV_7416",1,0.0526315789473684,0.048,1
"ASV_7419",1,0.0526315789473684,0.029,1
"ASV_7420",1,0.0526315789473684,0.046,1
"ASV_7421",1,0.0526315789473684,0.049,1
"ASV_7424",1,0.0526315789473684,0.05,1
"ASV_7425",1,0.0526315789473684,0.05,1
"ASV_7427",1,0.0526315789473684,0.048,1
"ASV_7430",1,0.0526315789473684,0.04,1
"ASV_7432",1,0.0526315789473684,0.042,1
"ASV_7433",1,0.0526315789473684,0.049,1
"ASV_7434",1,0.0526315789473684,0.046,1
"ASV_7440",1,0.0526315789473684,0.049,1
"ASV_7443",1,0.0526315789473684,0.047,1
"ASV_7444",1,0.0526315789473684,0.048,1
"ASV_7446",1,0.0526315789473684,0.046,1
"ASV_7449",1,0.0526315789473684,0.047,1
"ASV_7452",1,0.0526315789473684,0.049,1
"ASV_7457",1,0.0526315789473684,0.045,1
"ASV_7458",1,0.0526315789473684,0.05,1
"ASV_7460",1,0.0526315789473684,0.047,1
"ASV_7461",1,0.0526315789473684,0.049,1
"ASV_7467",1,0.0526315789473684,0.046,1
"ASV_7469",1,0.0526315789473684,0.047,1
"ASV_7472",1,0.0526315789473684,0.047,1
"ASV_7482",1,0.0526315789473684,0.05,1
"ASV_7483",1,0.0526315789473684,0.047,1
"ASV_7485",1,0.0526315789473684,0.049,1
"ASV_7489",1,0.0526315789473684,0.042,1
"ASV_7491",1,0.0526315789473684,0.046,1
"ASV_7492",1,0.0526315789473684,0.049,1
"ASV_7494",1,0.0526315789473684,0.047,1
"ASV_7495",1,0.0526315789473684,0.046,1
"ASV_7496",1,0.0526315789473684,0.046,1
"ASV_7501",1,0.0526315789473684,0.044,1
"ASV_7502",1,0.0526315789473684,0.049,1
"ASV_7504",1,0.0526315789473684,0.043,1
"ASV_7506",1,0.0526315789473684,0.039,1
"ASV_7507",1,0.0526315789473684,0.044,1
"ASV_7510",1,0.0526315789473684,0.049,1
"ASV_7512",1,0.0526315789473684,0.042,1
"ASV_7514",1,0.0526315789473684,0.037,1
"ASV_7515",1,0.0526315789473684,0.041,1
"ASV_7520",1,0.0526315789473684,0.048,1
"ASV_7523",1,0.0526315789473684,0.041,1
"ASV_7525",1,0.0526315789473684,0.047,1
"ASV_7527",1,0.0526315789473684,0.048,1
"ASV_7529",1,0.0526315789473684,0.049,1
"ASV_7532",1,0.0526315789473684,0.049,1
"ASV_7539",1,0.0526315789473684,0.044,1
"ASV_7542",1,0.0526315789473684,0.047,1
"ASV_7546",1,0.0526315789473684,0.047,1
"ASV_7548",1,0.0526315789473684,0.041,1
"ASV_7549",1,0.0526315789473684,0.05,1
"ASV_7551",1,0.0526315789473684,0.046,1
"ASV_7552",1,0.0526315789473684,0.045,1
"ASV_7554",1,0.0526315789473684,0.05,1
"ASV_7558",1,0.0526315789473684,0.047,1
"ASV_7562",1,0.0526315789473684,0.047,1
"ASV_7565",1,0.0526315789473684,0.045,1
"ASV_7568",1,0.0526315789473684,0.05,1
"ASV_7571",1,0.0526315789473684,0.049,1
"ASV_7572",1,0.0526315789473684,0.047,1
"ASV_7578",1,0.0526315789473684,0.047,1
"ASV_7579",1,0.0526315789473684,0.043,1
"ASV_7581",1,0.0526315789473684,0.046,1
"ASV_7582",1,0.0526315789473684,0.042,1
"ASV_7590",1,0.0526315789473684,0.05,1
"ASV_7591",1,0.0526315789473684,0.05,1
"ASV_7595",1,0.0526315789473684,0.049,1
"ASV_7598",1,0.0526315789473684,0.047,1
"ASV_7601",1,0.0526315789473684,0.047,1
"ASV_7606",1,0.0526315789473684,0.038,1
"ASV_7607",1,0.0526315789473684,0.048,1
"ASV_7608",1,0.0526315789473684,0.049,1
"ASV_7609",1,0.0526315789473684,0.046,1
"ASV_7610",1,0.0526315789473684,0.05,1
"ASV_7618",1,0.0526315789473684,0.044,1
"ASV_7620",1,0.0526315789473684,0.047,1
"ASV_7621",1,0.0526315789473684,0.05,1
"ASV_7622",1,0.0526315789473684,0.049,1
"ASV_7623",1,0.0526315789473684,0.04,1
"ASV_7626",1,0.0526315789473684,0.048,1
"ASV_7627",1,0.0526315789473684,0.05,1
"ASV_7629",1,0.0526315789473684,0.047,1
"ASV_7630",1,0.0526315789473684,0.038,1
"ASV_7632",1,0.0526315789473684,0.05,1
"ASV_7638",1,0.0526315789473684,0.046,1
"ASV_7640",1,0.0526315789473684,0.046,1
"ASV_7644",1,0.0526315789473684,0.045,1
"ASV_7645",1,0.0526315789473684,0.048,1
"ASV_7647",1,0.0526315789473684,0.05,1
"ASV_7649",1,0.0526315789473684,0.05,1
"ASV_7651",1,0.0526315789473684,0.046,1
"ASV_7655",1,0.0526315789473684,0.05,1
"ASV_7659",1,0.0526315789473684,0.043,1
"ASV_7660",1,0.0526315789473684,0.049,1
"ASV_7662",1,0.0526315789473684,0.04,1
"ASV_7663",1,0.0526315789473684,0.049,1
"ASV_7664",1,0.0526315789473684,0.046,1
"ASV_7667",1,0.0526315789473684,0.049,1
"ASV_7668",1,0.0526315789473684,0.046,1
"ASV_7669",1,0.0526315789473684,0.041,1
"ASV_7670",1,0.0526315789473684,0.05,1
"ASV_7671",1,0.0526315789473684,0.047,1
"ASV_7672",1,0.0526315789473684,0.044,1
"ASV_7675",1,0.0526315789473684,0.046,1
"ASV_7677",1,0.0526315789473684,0.049,1
"ASV_7684",1,0.0526315789473684,0.048,1
"ASV_7687",1,0.0526315789473684,0.047,1
"ASV_7689",1,0.0526315789473684,0.041,1
"ASV_7698",1,0.0526315789473684,0.039,1
"ASV_7701",1,0.0526315789473684,0.039,1
"ASV_7706",1,0.0526315789473684,0.044,1
"ASV_7707",1,0.0526315789473684,0.048,1
"ASV_7711",1,0.0526315789473684,0.048,1
"ASV_7713",1,0.0526315789473684,0.044,1
"ASV_7715",1,0.0526315789473684,0.047,1
"ASV_7716",1,0.0526315789473684,0.05,1
"ASV_7718",1,0.0526315789473684,0.045,1
"ASV_7719",1,0.0526315789473684,0.031,1
"ASV_7720",1,0.0526315789473684,0.044,1
"ASV_7723",1,0.0526315789473684,0.042,1
"ASV_7726",1,0.0526315789473684,0.047,1
"ASV_7729",1,0.0526315789473684,0.048,1
"ASV_7730",1,0.0526315789473684,0.04,1
"ASV_7731",1,0.0526315789473684,0.041,1
"ASV_7733",1,0.0526315789473684,0.049,1
"ASV_7739",1,0.0526315789473684,0.046,1
"ASV_7740",1,0.0526315789473684,0.047,1
"ASV_7743",1,0.0526315789473684,0.048,1
"ASV_7747",1,0.0526315789473684,0.046,1
"ASV_7753",1,0.0526315789473684,0.046,1
"ASV_7754",1,0.0526315789473684,0.048,1
"ASV_7755",1,0.0526315789473684,0.05,1
"ASV_7759",1,0.0526315789473684,0.046,1
"ASV_7764",1,0.0526315789473684,0.049,1
"ASV_7772",1,0.0526315789473684,0.049,1
"ASV_7775",1,0.0526315789473684,0.041,1
"ASV_7777",1,0.0526315789473684,0.045,1
"ASV_7780",1,0.0526315789473684,0.048,1
"ASV_7783",1,0.0526315789473684,0.049,1
"ASV_7784",1,0.0526315789473684,0.046,1
"ASV_7786",1,0.0526315789473684,0.047,1
"ASV_7788",1,0.0526315789473684,0.047,1
"ASV_7791",1,0.0526315789473684,0.041,1
"ASV_7792",1,0.0526315789473684,0.049,1
"ASV_7796",1,0.0526315789473684,0.042,1
"ASV_7799",1,0.0526315789473684,0.048,1
"ASV_7801",1,0.0526315789473684,0.041,1
"ASV_7805",1,0.0526315789473684,0.048,1
"ASV_7808",1,0.0526315789473684,0.044,1
"ASV_7811",1,0.0526315789473684,0.05,1
"ASV_7813",1,0.0526315789473684,0.05,1
"ASV_5306",1,0.0522675454562872,0.049,3
"ASV_1817",1,0.0499479490895014,0.046,3
"ASV_833",1,0.0484761665226853,0.05,4
"ASV_785",2,0.917888563049853,0.001,313
"ASV_5738",2,0.818181818181818,0.001,279
"ASV_5647",2,0.73900293255132,0.001,252
"ASV_782",2,0.680351906158358,0.001,232
"ASV_1286",2,0.538890999906033,0.049,237
"ASV_146",2,0.451612903225806,0.012,154
"ASV_6119",2,0.442815249266862,0.01,151
"ASV_1095",2,0.360703812316716,0.028,123
"ASV_5403",2,0.351906158357771,0.026,120
"ASV_791",2,0.331378299120235,0.026,113
"ASV_1111",2,0.325513196480938,0.048,111
"ASV_1076",2,0.310850439882698,0.037,106
